pups,juveniles,adult_females,subadult_males,adult_males,total
0.11504811898512686,0.21653543307086615,0.3346456692913386,0.20647419072615922,0.1272965879265092,"(2, 6)"
0.13557882819133882,0.2804981602037928,0.39796207189357485,0.10614208887630909,0.07981885083498443,"(7, 14)"
0.12241303390576838,0.32210479964773225,0.4291061206516953,0.06891237340378688,0.05746367239101717,"(15, 29)"
0.09506726457399103,0.3823617339312407,0.4380667663178874,0.0419531639262581,0.04255107125062282,"(30, 59)"
0.12390373240872934,0.3583520293697736,0.44003671221701,0.03854782786049357,0.03915969814399348,"(60, 99)"
0.21587324347576714,0.22189561227416116,0.494766274734729,0.021293375394321766,0.04617149412102094,"(100, 199)"
0.29262708777771995,0.1636921796139237,0.4935740673292055,0.010718559758572246,0.039388105520578594,"(200, 499)"
0.3097681182839137,0.1678112628262099,0.4762866607416983,0.00670598691120627,0.0394279712369718,"(500, 1400)"
