pups,juveniles,adult_females,subadult_males,adult_males,total
0.046129612961296126,0.08888388838883889,0.16764176417641763,0.33505850585058505,0.3622862286228623,4444.0
